Discount,Profit,Sum of Sales,Category
187.15000000000023,7569.1733,373504.7207,Furniture
487.00000000000057,54788.9957,345716.456,Office Supplies
112.30000000000035,70157.5741,380640.896,Technology
